{
  "val": {
    "accuracy": 0.9714285714285714,
    "precision": 0.9402756508422665,
    "recall": 0.9317147192716236,
    "f1": 0.9359756097560976,
    "auc_roc": 0.9945026507155834
  },
  "test": {
    "accuracy": 0.9445578231292517,
    "precision": 0.8196969696969697,
    "recall": 0.9247863247863248,
    "f1": 0.8690763052208835,
    "auc_roc": 0.9815860054076615
  }
}