{
  "val": {
    "accuracy": 0.895578231292517,
    "precision": 0.9106858054226475,
    "recall": 0.8541510845175767,
    "f1": 0.8815129293708993,
    "auc_roc": 0.9602341999924413
  },
  "test": {
    "accuracy": 0.8595238095238096,
    "precision": 0.8106180665610143,
    "recall": 0.8546365914786967,
    "f1": 0.8320455469703132,
    "auc_roc": 0.9280130427426377
  }
}