{
  "val": {
    "accuracy": 0.9687074829931973,
    "precision": 0.9639934533551555,
    "recall": 0.8937784522003035,
    "f1": 0.9275590551181102,
    "auc_roc": 0.9930720160406711
  },
  "test": {
    "accuracy": 0.9465986394557823,
    "precision": 0.8462783171521036,
    "recall": 0.8940170940170941,
    "f1": 0.8694929343308395,
    "auc_roc": 0.9776834158999763
  }
}