{
  "val": {
    "accuracy": 0.8721088435374149,
    "precision": 0.9520225776105362,
    "recall": 0.7569184741959611,
    "f1": 0.8433333333333334,
    "auc_roc": 0.957739112014636
  },
  "test": {
    "accuracy": 0.8438775510204082,
    "precision": 0.8481132075471698,
    "recall": 0.7510442773600668,
    "f1": 0.7966326982720425,
    "auc_roc": 0.9214116281332514
  }
}