{
  "val": {
    "accuracy": 0.8646258503401361,
    "precision": 0.9662363455809335,
    "recall": 0.7277486910994765,
    "f1": 0.8302047781569966,
    "auc_roc": 0.9572554918764415
  },
  "test": {
    "accuracy": 0.8448979591836735,
    "precision": 0.8746208291203236,
    "recall": 0.722639933166249,
    "f1": 0.7913998170173834,
    "auc_roc": 0.9207830246873638
  }
}